<?xml version="1.0" encoding="UTF-8"?>
<AdeptiaPE xmlns:version = "4.7" xmlns:j = "jelly:core" xmlns:abpm = "jelly:com.adeptia.indigo.jelly.IndigoTagLibrary" xmlns:pd = "jelly:com.adeptia.indigo.pd.ProcessDesignerTagLibrary" xmlns = "jelly:com.werken.blissed.jelly.BlissedTagLibrary" >
	<process name = "mainProcess" var = "mainProcess" start = "startState">
		<state name = "startState">
			<activity>
				<abpm:indigoGlobalVariables>
					<abpm:params>
					</abpm:params>
				</abpm:indigoGlobalVariables>
				<abpm:indigoGeneralVariables>
					<abpm:params>
					</abpm:params>
				</abpm:indigoGeneralVariables>
				<abpm:indigoActivityVariables>
					<abpm:params>
					</abpm:params>
				</abpm:indigoActivityVariables>
				<abpm:installGlobalExceptionHandlers>
					<abpm:exceptionHandlers>
					</abpm:exceptionHandlers>
				</abpm:installGlobalExceptionHandlers>
			</activity>
		</state>
		<state name = "state-BPMN:POOL:BPMN_POOL-941915628">
			<activity>
				<pd:pool type = "pool" id = "010025095102157560843801200002"/>
				<pd:graphics x = "0.0" y = "0.0" width = "1084.0" height = "183.0" owner = "FlowObject" textLabel = "Pool" printSequence = "-1"/>
				<pd:comments/>
			</activity>
		</state>
		<state name = "state-BPMN:LANE:BPMN_LANE-941915629">
			<activity>
				<pd:lane type = "lane" id = "010025095102157560843800200001"/>
				<pd:graphics x = "25.0" y = "0.0" width = "1059.0" height = "183.0" owner = "FlowObject" textLabel = "Lane" associatedPool = "010025095102157560843801200002" printSequence = "-1"/>
				<pd:comments/>
			</activity>
		</state>
		<state name = "state-BPMN:EVENT:START_EVENT-941915630">
			<activity>
				<pd:event type = "start" subType = "none" />
				<pd:graphics x = "30.0" y = "103.0" width = "30.0" height = "30.0" owner = "FlowObject" textLabel = "Start Event" associatedLane = "010025095102157560843800200001" associatedPool = "010025095102157560843801200002" color = "0,204,15" printSequence = "1"/>
				<pd:graphics linkType = "UNCONTROLLED_FLOW" source = "state-BPMN:EVENT:START_EVENT-941915630" destination = "state-BPMN:TASK:BASIC_TASK-2042247337" xpoints = "70,112,112,112,112,154" ypoints = "118,118,118,125,125,125" hasManualPlacement = "false" arcData = "112,115,7,7,180,-90|109,118,7,7,270,90" arrowPoints = "157,165,157,157|121,125,129,121" order = "0" startPoint = "60,118" endPoint = "165,125" direction = "2,6" linkColor = "0,0,0" owner = "Transition" textLabel = "" textX = "0" textY = "0" textLabelWidth = "0.0" textLabelHeight = "0.0" printSequence = "-1"/>
				<pd:comments/>
			</activity>
		</state>
		<state name = "state-BPMN:EVENT:END_EVENT-941915631">
			<activity>
				<pd:event type = "end" subType = "none" />
				<pd:graphics x = "1004.0" y = "103.0" width = "30.0" height = "30.0" owner = "FlowObject" textLabel = "End Event" associatedLane = "010025095102157560843800200001" associatedPool = "010025095102157560843801200002" color = "251,103,87" printSequence = "2"/>
				<pd:comments/>
			</activity>
		</state>
		<state name = "state-BPMN:TASK:BASIC_TASK-2042247337">
			<activity>
				<abpm:put-context-var name="PutContextVarTag1" key="receiverEmailId,fileName,mailSubject" value="ross.hughey@tr.com, Susmita.Banerjee@thomsonreuters.com,jing.wu@thomsonreuters.com,jixin@alipay.com,manchang.smc@alibaba-inc.com,di.zd@alibaba-inc.com$$BatchUniqueId$$_Report_%%yyyy-MM-dd%%.xlsReport for Batch No - $$BatchUniqueId$$ for %%yyyy-MM-dd%%" activityName="AntFinancial_SendError_MT,AntFinancial_SendError_MT,AntFinancial_SendError_MT" length="150,43,58"/>
				<pd:graphics x = "165.0" y = "105.0" width = "75.0" height = "40.0" owner = "FlowObject" textLabel = "PutContextVarTag1" associatedLane = "010025095102157560843800200001" associatedPool = "010025095102157560843801200002" color = "172,227,236" printSequence = "3"/>
				<pd:graphics linkType = "UNCONTROLLED_FLOW" source = "state-BPMN:TASK:BASIC_TASK-2042247337" destination = "state-BPMN:TASK:BASIC_TASK-2042247338" xpoints = "250,278" ypoints = "125,125" hasManualPlacement = "false" arcData = "" arrowPoints = "280,288,280,280|121,125,129,121" order = "0" startPoint = "240,125" endPoint = "288,125" direction = "2,6" linkColor = "0,0,0" owner = "Transition" textLabel = "" textX = "0" textY = "0" textLabelWidth = "0.0" textLabelHeight = "0.0" printSequence = "-1"/>
				<pd:comments/>
			</activity>
		</state>
		<state name = "state-BPMN:TASK:BASIC_TASK-2042247338">
			<activity>
				<abpm:activity type="AdvancedDatabaseSource" id="192168005218156263936037000259" name="AntFinancial_BatchReport_ADS" async="false"  >
					<abpm:params>
						<abpm:param name="eventContextEnabled">false</abpm:param>
						<abpm:param name="restartWaitTime">60</abpm:param>
						<abpm:param name="characterSetEncoding">None</abpm:param>
						<abpm:param name="restartTriesCount">0</abpm:param>
					</abpm:params>
				</abpm:activity>
				<pd:graphics x = "288.0" y = "107.0" width = "75.0" height = "40.0" streamNames = "name=AntFinancial_BatchReport_ADS,explicit=false,error=false,target=state-BPMN:TASK:BASIC_TASK-2042247339#"  owner = "FlowObject" textLabel = "AntFinancial_BatchReport_ADS" associatedLane = "010025095102157560843800200001" associatedPool = "010025095102157560843801200002" color = "172,227,236" printSequence = "4"/>
				<pd:graphics linkType = "UNCONTROLLED_FLOW" source = "state-BPMN:TASK:BASIC_TASK-2042247338" destination = "state-BPMN:TASK:BASIC_TASK-2042247339" xpoints = "373,420" ypoints = "125,125" hasManualPlacement = "false" arcData = "" arrowPoints = "422,430,422,422|121,125,129,121" order = "0" startPoint = "363,125" endPoint = "430,125" direction = "2,6" linkColor = "0,0,0" owner = "Transition" textLabel = "" textX = "0" textY = "0" textLabelWidth = "0.0" textLabelHeight = "0.0" printSequence = "-1"/>
				<pd:comments/>
			</activity>
		</state>
		<state name = "state-BPMN:TASK:BASIC_TASK-2042247339">
			<activity>
				<abpm:activity type="DataMapping" id="192168005218156280869707200061" name="AntFinancial_BatchReport_DM" async="false"  >
					<abpm:params>
						<abpm:param name="restartWaitTime">60</abpm:param>
						<abpm:param name="characterSetEncoding">UTF-8</abpm:param>
						<abpm:param name="restartTriesCount">0</abpm:param>
						<abpm:param name="Consume Stream">true</abpm:param>
						<abpm:param name="transformerType">Saxon</abpm:param>
						<abpm:param name="source">AntFinancial_BatchReport_ADS</abpm:param>
					</abpm:params>
				</abpm:activity>
				<pd:graphics x = "430.0" y = "104.0" width = "75.0" height = "40.0" streamNames = "name=AntFinancial_BatchReport_DM,explicit=false,error=false,target=state-BPMN:TASK:BASIC_TASK-2042247340#"  owner = "FlowObject" textLabel = "AntFinancial_BatchReport_DM" associatedLane = "010025095102157560843800200001" associatedPool = "010025095102157560843801200002" color = "172,227,236" printSequence = "5"/>
				<pd:graphics linkType = "UNCONTROLLED_FLOW" source = "state-BPMN:TASK:BASIC_TASK-2042247339" destination = "state-BPMN:TASK:BASIC_TASK-2042247340" xpoints = "515,622" ypoints = "125,125" hasManualPlacement = "false" arcData = "" arrowPoints = "624,632,624,624|121,125,129,121" order = "0" startPoint = "505,125" endPoint = "632,125" direction = "2,6" linkColor = "0,0,0" owner = "Transition" textLabel = "" textX = "0" textY = "0" textLabelWidth = "0.0" textLabelHeight = "0.0" printSequence = "-1"/>
				<pd:comments/>
			</activity>
		</state>
		<state name = "state-BPMN:TASK:BASIC_TASK-2042247340">
			<activity>
				<abpm:activity type="XmlStream2StreamTransformer" id="" name="AntFinancial_BatchReport_XLSC" async="false"  >
					<abpm:params>
						<abpm:param name="source">AntFinancial_BatchReport_DM</abpm:param>
						<abpm:param name="schemaTypedId">ExcelSchema:192168005218156280936708600069</abpm:param>
						<abpm:param name="restartTriesCount">0</abpm:param>
						<abpm:param name="dataAction">No Action</abpm:param>
						<abpm:param name="restartWaitTime">60</abpm:param>
						<abpm:param name="errorRecordHandleType">File</abpm:param>
						<abpm:param name="characterSetEncoding">UTF-8</abpm:param>
						<abpm:param name="fileType">.xls</abpm:param>
					</abpm:params>
				</abpm:activity>
				<pd:graphics x = "632.0" y = "104.0" width = "75.0" height = "40.0" streamNames = "name=AntFinancial_BatchReport_XLSC,explicit=false,error=false,target=state-BPMN:TASK:BASIC_TASK-2042247341#"  owner = "FlowObject" textLabel = "AntFinanacial_BatchReport_XLSC" associatedLane = "010025095102157560843800200001" associatedPool = "010025095102157560843801200002" color = "172,227,236" printSequence = "6"/>
				<pd:graphics linkType = "UNCONTROLLED_FLOW" source = "state-BPMN:TASK:BASIC_TASK-2042247340" destination = "state-BPMN:TASK:BASIC_TASK-2042247341" xpoints = "717,746" ypoints = "125,125" hasManualPlacement = "false" arcData = "" arrowPoints = "748,756,748,748|121,125,129,121" order = "0" startPoint = "707,125" endPoint = "756,125" direction = "2,6" linkColor = "0,0,0" owner = "Transition" textLabel = "" textX = "0" textY = "0" textLabelWidth = "0.0" textLabelHeight = "0.0" printSequence = "-1"/>
				<pd:comments/>
			</activity>
		</state>
		<state name = "state-BPMN:TASK:BASIC_TASK-2042247341">
			<activity>
				<abpm:activity type="MailTarget" id="192168005218156281546825900130" name="AntFinancial_SendError_MT" async="false"  >
					<abpm:params>
						<abpm:param name="restartWaitTime">60</abpm:param>
						<abpm:param name="restartTriesCount">0</abpm:param>
						<abpm:param name="source">AntFinancial_BatchReport_XLSC</abpm:param>
					</abpm:params>
				</abpm:activity>
				<pd:graphics x = "756.0" y = "106.0" width = "75.0" height = "40.0" owner = "FlowObject" textLabel = "AntFinancial_SendError_MT" associatedLane = "010025095102157560843800200001" associatedPool = "010025095102157560843801200002" color = "172,227,236" printSequence = "7"/>
				<pd:graphics linkType = "UNCONTROLLED_FLOW" source = "state-BPMN:TASK:BASIC_TASK-2042247341" destination = "state-BPMN:EVENT:END_EVENT-941915631" xpoints = "841,917,917,917,917,993" ypoints = "125,125,125,118,118,118" hasManualPlacement = "false" arcData = "917,122,7,7,180,-90|914,111,7,7,270,90" arrowPoints = "996,1004,996,996|114,118,122,114" order = "0" startPoint = "831,125" endPoint = "1004,118" direction = "2,6" linkColor = "0,0,0" owner = "Transition" textLabel = "" textX = "0" textY = "0" textLabelWidth = "0.0" textLabelHeight = "0.0" printSequence = "-1"/>
				<pd:comments/>
			</activity>
		</state>
		<transition from="startState" to="state-BPMN:EVENT:START_EVENT-941915630"/>
		<transition from="state-BPMN:TASK:BASIC_TASK-2042247341" to="state-BPMN:EVENT:END_EVENT-941915631"/>
		<transition from="state-BPMN:TASK:BASIC_TASK-2042247340" to="state-BPMN:TASK:BASIC_TASK-2042247341"/>
		<transition from="state-BPMN:TASK:BASIC_TASK-2042247339" to="state-BPMN:TASK:BASIC_TASK-2042247340"/>
		<transition from="state-BPMN:TASK:BASIC_TASK-2042247338" to="state-BPMN:TASK:BASIC_TASK-2042247339"/>
		<transition from="state-BPMN:TASK:BASIC_TASK-2042247337" to="state-BPMN:TASK:BASIC_TASK-2042247338"/>
		<transition from="state-BPMN:EVENT:START_EVENT-941915630" to="state-BPMN:TASK:BASIC_TASK-2042247337"/>
	</process>
</AdeptiaPE>
